
// Создание БД

CREATE DATABASE restaurant
  WITH ENCODING='UTF8'
       OWNER="user"
       CONNECTION LIMIT=-1;

--------------------------------------------------	   
CREATE TABLE EMPLOYEE (
	ID		INT PRIMARY KEY NOT NULL,
	SURNAME		TEXT NOT NULL,
	NAME		TEXT NOT NULL,
	DATE_OF_BIRTH	TEXT,
	PHONE_NUMBER	TEXT,
	POSITION_ID	INT NOT NULL,
	SALARY		REAL );

INSERT INTO EMPLOYEE VALUES (1, 'Petrov', 'Dima', '02-24-1994', '063-111-22-33', 3, 4000.0);	
INSERT INTO EMPLOYEE VALUES (2, 'Popov', 'Dima', '12-01-1990', '063-222-22-33', 3, 4000.0);
INSERT INTO EMPLOYEE VALUES (3, 'Harchenko', 'Lena', '24-02-1985', '063-123-32-33', 4, 6000.0);
INSERT INTO EMPLOYEE VALUES (4, 'Ivanov', 'Aleksandr', '24-10-1980', '063-151-22-44', 4, 8000.0);
INSERT INTO EMPLOYEE VALUES (5, 'Sidorov', 'Vlad', '15-12-1991', '063-111-22-33', 3, 4000.0);
INSERT INTO EMPLOYEE VALUES (6, 'Drozd', 'Elena', '21-05-1970', '063-333-33-33', 5, 3000.0);
INSERT INTO EMPLOYEE VALUES (7, 'Zakharov', 'Maksym', '24-02-1994', '063-111-56-89', 1, 15000.0);
INSERT INTO EMPLOYEE VALUES (8, 'Petrova', 'Aleksandra', '02-02-1990', '063-555-33-33', 3, 4000.0);
INSERT INTO EMPLOYEE VALUES (9, 'Kovalenko', 'Andrew', '02-02-1985', '063-555-33-33', 2, 7000.0);

ALTER TABLE EMPLOYEE ADD CONSTRAINT POSITION_ID_FK FOREIGN KEY (POSITION_ID) REFERENCES POSITION(ID);
--------------------------------------------------

CREATE TABLE POSITION (
	ID		INT PRIMARY KEY NOT NULL,
	NAME		TEXT NOT NULL);
	
INSERT INTO POSITION VALUES (1, 'Administrator');
INSERT INTO POSITION VALUES (2, 'Head-server');
INSERT INTO POSITION VALUES (3, 'Server');
INSERT INTO POSITION VALUES (4, 'Cook');
INSERT INTO POSITION VALUES (5, 'Cleaning');
	
--------------------------------------------------	
CREATE TABLE DISH (
	ID		INT PRIMARY KEY NOT NULL,
	NAME		TEXT NOT NULL,
	CATEGORY_ID	INT NOT NULL,
	PRICE		REAL NOT NULL,
	WEIGHT		REAL NOT NULL );
	
INSERT INTO DISH VALUES (1, 'Caesar Salad', 1, 50.0, 250.0);	
INSERT INTO DISH VALUES (2, 'Greece Salad', 1, 40.0, 250.0);
INSERT INTO DISH VALUES (3, 'Vegetable Salad', 1, 45.0, 300.0);
INSERT INTO DISH VALUES (4, 'Fries', 2, 30.0, 250.0);
INSERT INTO DISH VALUES (5, 'Pasta', 2, 35.0, 250.0);
INSERT INTO DISH VALUES (6, 'Medallions', 2, 60.0, 300.0);
INSERT INTO DISH VALUES (7, 'Chicken', 2, 50.0, 300.0);
INSERT INTO DISH VALUES (8, 'Fork', 2, 40.0, 250.0);
INSERT INTO DISH VALUES (9, 'Chocolate ice cream', 3, 30.0, 250.0);
INSERT INTO DISH VALUES (10, 'Tiramisu', 3, 50.0, 200.0);
INSERT INTO DISH VALUES (11, 'Cake', 3, 45.0, 250.0);

ALTER TABLE DISH ADD CONSTRAINT CATEGORY_ID_FK FOREIGN KEY (CATEGORY_ID) REFERENCES CATEGORY(ID);

--------------------------------------------------

CREATE TABLE CATEGORY (
	ID	INT PRIMARY KEY NOT NULL,
	NAME	TEXT NOT NULL );
	
INSERT INTO CATEGORY VALUES (1, 'Salad');	
INSERT INTO CATEGORY VALUES (2, 'Garnish');
INSERT INTO CATEGORY VALUES (3, 'Dessert');

--------------------------------------------------

CREATE TABLE ORDERS (
	ID		INT PRIMARY KEY NOT NULL,
	EMPLOYEE_ID	INT NOT NULL,
	TABLE_NUMBER	INT NOT NULL,
	DATE_OF_ORDER	timestamp with time zone NOT NULL );
	
INSERT INTO ORDERS VALUES (1, 2, 1, TIMESTAMP '2011-05-16 15:36:38');	
INSERT INTO ORDERS VALUES (2, 5, 5, TIMESTAMP '2011-05-16 15:38:38');
INSERT INTO ORDERS VALUES (3, 8, 4, TIMESTAMP '2011-05-16 15:39:48');	
INSERT INTO ORDERS VALUES (4, 8, 2, TIMESTAMP '2011-05-16 15:59:48');	


ALTER TABLE ORDERS ADD CONSTRAINT EMPLOYEE_ID_FK FOREIGN KEY (EMPLOYEE_ID) REFERENCES EMPLOYEE(ID);
--------------------------------------------------

CREATE TABLE ORDER_LINE (
	ID		INT PRIMARY KEY NOT NULL,
	ORDER_ID	INT NOT NULL,
	DISH_ID		INT NOT NULL,
	quantity	INT NOT NULL );
	
INSERT INTO ORDER_LINE VALUES (1, 1, 1, 3);	
INSERT INTO ORDER_LINE VALUES (2, 1, 5, 1);
INSERT INTO ORDER_LINE VALUES (3, 2, 9, 2);	
INSERT INTO ORDER_LINE VALUES (4, 3, 9, 1);	
INSERT INTO ORDER_LINE VALUES (5, 4, 4, 2);
INSERT INTO ORDER_LINE VALUES (6, 4, 6, 2);		

ALTER TABLE ORDER_LINE ADD CONSTRAINT ORDER_ID_FK FOREIGN KEY (ORDER_ID) REFERENCES ORDERS(ID);
ALTER TABLE ORDER_LINE ADD CONSTRAINT DISH_ID_FK FOREIGN KEY (DISH_ID) REFERENCES DISH(ID);
--------------------------------------------------	
	
CREATE TABLE PREPARED_DISHES (
	ID		INT PRIMARY KEY NOT NULL,
	EMPLOYEE_ID	INT NOT NULL,
	DISH_ID		INT NOT NULL,
	ORDER_ID	INT NOT NULL,
	DATE_OF_PREP	timestamp with time zone NOT NULL );

INSERT INTO PREPARED_DISHES VALUES (1, 3, 1, 1, TIMESTAMP '2011-05-16 15:46:38');	
INSERT INTO PREPARED_DISHES VALUES (2, 4, 5, 2, TIMESTAMP '2011-05-16 15:47:38');
INSERT INTO PREPARED_DISHES VALUES (3, 3, 4, 1, TIMESTAMP '2011-05-16 15:49:48');
INSERT INTO PREPARED_DISHES VALUES (4, 3, 3, 2, TIMESTAMP '2011-05-16 15:51:38');	
INSERT INTO PREPARED_DISHES VALUES (5, 4, 10, 3, TIMESTAMP '2011-05-16 15:53:38');
INSERT INTO PREPARED_DISHES VALUES (6, 3, 7, 3, TIMESTAMP '2011-05-16 15:55:48');

ALTER TABLE PREPARED_DISHES ADD CONSTRAINT EMPLOYEE_ID_FK FOREIGN KEY (EMPLOYEE_ID) REFERENCES EMPLOYEE(ID);
ALTER TABLE PREPARED_DISHES ADD CONSTRAINT DISH_ID_FK FOREIGN KEY (DISH_ID) REFERENCES DISH(ID);
ALTER TABLE PREPARED_DISHES ADD CONSTRAINT ORDER_ID_FK FOREIGN KEY (ORDER_ID) REFERENCES ORDERS(ID);
--------------------------------------------------
	

	
CREATE TABLE INGREDIENT (
	ID	INT PRIMARY KEY NOT NULL,
	NAME	TEXT NOT NULL );
	
INSERT INTO INGREDIENT VALUES (1, 'tomato');
INSERT INTO INGREDIENT VALUES (2, 'cabbage');
INSERT INTO INGREDIENT VALUES (3, 'cucumber');
INSERT INTO INGREDIENT VALUES (4, 'chicken leg');
INSERT INTO INGREDIENT VALUES (5, 'minced pork');
INSERT INTO INGREDIENT VALUES (6, 'neck of pork');
INSERT INTO INGREDIENT VALUES (7, 'cake');
INSERT INTO INGREDIENT VALUES (8, 'milk');
INSERT INTO INGREDIENT VALUES (9, 'chocolate');
INSERT INTO INGREDIENT VALUES (10, 'potato');
INSERT INTO INGREDIENT VALUES (11, 'pasta "Italy"');
INSERT INTO INGREDIENT VALUES (12, 'chicken egg');
INSERT INTO INGREDIENT VALUES (13, 'sugar');
INSERT INTO INGREDIENT VALUES (14, 'espresso');
	

--------------------------------------------------

CREATE TABLE STOCK (
	ID		INT PRIMARY KEY NOT NULL,
	INGREDIENT_ID	INT NOT NULL,
	QUANTITY	INT NOT NULL );	

INSERT INTO STOCK VALUES (1, 1, 5);
INSERT INTO STOCK VALUES (2, 2, 10);
INSERT INTO STOCK VALUES (3, 3, 10);
INSERT INTO STOCK VALUES (4, 4, 15);
INSERT INTO STOCK VALUES (5, 5, 5);
INSERT INTO STOCK VALUES (6, 6, 7);
INSERT INTO STOCK VALUES (7, 7, 6);
INSERT INTO STOCK VALUES (8, 8, 15);
INSERT INTO STOCK VALUES (9, 9, 5);

ALTER TABLE STOCK ADD CONSTRAINT INGREDIENT_ID_FK FOREIGN KEY (INGREDIENT_ID) REFERENCES INGREDIENT(ID);

--------------------------------------------------	
	
CREATE TABLE MENU (
	ID		INT PRIMARY KEY NOT NULL,
	CATEGORY_ID 	INT NOT NULL,
	DISH_ID		INT NOT NULL );	

INSERT INTO MENU VALUES (1, 1, 1);
INSERT INTO MENU VALUES (2, 1, 2);
INSERT INTO MENU VALUES (3, 1, 3);
INSERT INTO MENU VALUES (4, 2, 4);
INSERT INTO MENU VALUES (5, 2, 5);
INSERT INTO MENU VALUES (6, 2, 6);
INSERT INTO MENU VALUES (7, 3, 7);
INSERT INTO MENU VALUES (8, 3, 8);
INSERT INTO MENU VALUES (9, 3, 9);
	
ALTER TABLE MENU ADD CONSTRAINT CATEGORY_ID_FK FOREIGN KEY (CATEGORY_ID) REFERENCES CATEGORY(ID);
ALTER TABLE MENU ADD CONSTRAINT DISH_ID_FK FOREIGN KEY (DISH_ID) REFERENCES DISH(ID);

	
--------------------------------------------------
	
CREATE TABLE DISH_COMPOSITION (
	ID		INT PRIMARY KEY NOT NULL,
	DISH_ID		INT NOT NULL,
	INGREDIENT_ID	INT NOT NULL,
	WEIGHT		REAL NOT NULL );

INSERT INTO DISH_COMPOSITION VALUES (1, 1, 1, 75);
INSERT INTO DISH_COMPOSITION VALUES (2, 1, 2, 100);
INSERT INTO DISH_COMPOSITION VALUES (3, 1, 4, 75);
INSERT INTO DISH_COMPOSITION VALUES (4, 2, 1, 75);
INSERT INTO DISH_COMPOSITION VALUES (5, 2, 2, 100);
INSERT INTO DISH_COMPOSITION VALUES (6, 2, 3, 75);
INSERT INTO DISH_COMPOSITION VALUES (7, 3, 1, 50);
INSERT INTO DISH_COMPOSITION VALUES (8, 3, 2, 100);
INSERT INTO DISH_COMPOSITION VALUES (9, 3, 3, 75);
INSERT INTO DISH_COMPOSITION VALUES (10, 3, 4, 75);
INSERT INTO DISH_COMPOSITION VALUES (11, 4, 10, 250);
INSERT INTO DISH_COMPOSITION VALUES (12, 5, 11, 250);
INSERT INTO DISH_COMPOSITION VALUES (13, 6, 6, 300);
INSERT INTO DISH_COMPOSITION VALUES (14, 7, 4, 300);
INSERT INTO DISH_COMPOSITION VALUES (15, 8, 5, 250);
INSERT INTO DISH_COMPOSITION VALUES (16, 9, 8, 150);
INSERT INTO DISH_COMPOSITION VALUES (17, 9, 9, 100);
INSERT INTO DISH_COMPOSITION VALUES (18, 10, 9, 50);
INSERT INTO DISH_COMPOSITION VALUES (19, 10, 8, 50);
INSERT INTO DISH_COMPOSITION VALUES (20, 10, 13, 15);
INSERT INTO DISH_COMPOSITION VALUES (21, 10, 12, 4);
INSERT INTO DISH_COMPOSITION VALUES (22, 11, 7, 250);

ALTER TABLE DISH_COMPOSITION ADD CONSTRAINT INGREDIENT_ID_FK FOREIGN KEY (INGREDIENT_ID) REFERENCES INGREDIENT(ID);
ALTER TABLE DISH_COMPOSITION ADD CONSTRAINT DISH_ID_FK FOREIGN KEY (DISH_ID) REFERENCES DISH(ID);
	
--------------------------------------------------
	